<?xml version="1.0" encoding="UTF-8"?>
<extension client="api" type="language" method="upgrade">
	<name>Malay (MY)</name>
	<tag>ms-MY</tag>
	<version>5.4.0.1</version>
	<creationDate>2026-02-28</creationDate>
	<author>Ahmad Zaki Abdullah</author>
	<authorEmail>a.zakiabdullah@gmail.com</authorEmail>
	<authorUrl>https://joomla.my/</authorUrl>
	<copyright>(C) 2005 - 2026 Ahmad Zaki Abdullah. All rights reserved.</copyright>
	<license>GNU General Public License version 2 or later; see LICENSE.txt</license>
	<description><![CDATA[Pakej bahasa Melayu (Malaysia) untuk bahagian API Joomla!]]></description>
	<files>
		<folder>/</folder>
		<filename file="meta">langmetadata.xml</filename>
		<filename file="meta">install.xml</filename>
	</files>
	<params />
</extension>
